{
  "employee": [
    {
      "id": 2,
      "name": "Nikita",
      "skill": "Angular",
      "profile": "UI Developer",
      "email": "Nikita@123.com"
    },
    {
      "id": 3,
      "name": "Ravi",
      "skill": "Angular",
      "profile": "UI Developer",
      "email": "Ravi@123.com"
    },
    {
      "id": 4,
      "name": "Awanish",
      "skill": "Angular",
      "profile": "Technical Lead",
      "email": "Awanish@123.com"
    },
    {
      "id": 5,
      "name": "Srikant",
      "skill": "Angular",
      "profile": "UI Developer",
      "email": "Srikant@123.com"
    },
    {
      "name": "sweety",
      "skill": "sweety",
      "profile": "sweety",
      "email": "sweety@123.com",
      "id": 6
    }
  ]
}